{
  "metadata": {
    "created": "2025-07-25T13:03:46.703513",
    "last_modified": "2025-07-25T13:03:46.703515",
    "pdf_file": "sample_document.pdf",
    "total_relations": 5
  },
  "relations": [
    {
      "element": "Element_001",
      "value": "125.50",
      "confidence": 0.95,
      "source": "OCR",
      "created": "2025-07-25T13:03:46.703475"
    },
    {
      "element": "Element_002",
      "value": "89.32",
      "confidence": 0.87,
      "source": "OCR",
      "created": "2025-07-25T13:03:46.703504"
    },
    {
      "element": "Element_003",
      "value": "45.67",
      "confidence": 0.72,
      "source": "Manual",
      "created": "2025-07-25T13:03:46.703507"
    },
    {
      "element": "Element_004",
      "value": "200.15",
      "confidence": 0.91,
      "source": "OCR",
      "created": "2025-07-25T13:03:46.703509"
    },
    {
      "element": "Element_005",
      "value": "33.88",
      "confidence": 0.65,
      "source": "Manual",
      "created": "2025-07-25T13:03:46.703511"
    }
  ]
}